{
  "Afghanistan": [
    "Kabul",
    "Kandahar",
    "Herat",
    "Mazar-i-Sharif",
    "Jalalabad",
    "Kunduz",
    "Ghazni",
    "Taloqan",
    "Pul-e Khomri",
    "Khost"
  ],
  "Albania": [
    "Tirana",
    "Durrës",
    "Vlorë",
    "Shkodër",
    "Fier",
    "Elbasan",
    "Korçë",
    "Berat",
    "Lushnjë",
    "Pogradec"
  ],
  "Algeria": [
    "Algiers",
    "Oran",
    "Constantine",
    "Annaba",
    "Blida",
    "Batna",
    "Djelfa",
    "Sétif",
    "Sidi Bel Abbès",
    "Biskra",
    "Tebessa",
    "El Oued",
    "Skikda",
    "Tiaret",
    "Tlemcen",
    "Bejaïa",
    "Mostaganem",
    "Khenchela",
    "Mascara",
    "Tamanrasset"
  ],
  "Andorra": [
    "Andorra la Vella",
    "Escaldes-Engordany",
    "Encamp",
    "Sant Julià de Lòria",
    "La Massana",
    "Ordino",
    "Canillo"
  ],
  "Angola": [
    "Luanda",
    "Huambo",
    "Lobito",
    "Benguela",
    "Lubango",
    "Malanje",
    "Namibe",
    "Soyo",
    "Cabinda",
    "Cuito",
    "Uíge"
  ],
  "Antigua and Barbuda": [
    "St John's",
    "All Saints",
    "Liberta",
    "Potters Village",
    "Bolands",
    "Swetes",
    "Willikies",
    "Codrington"
  ],
  "Argentina": [
    "Buenos Aires",
    "Córdoba",
    "Rosario",
    "Mendoza",
    "La Plata",
    "San Miguel de Tucumán",
    "Mar del Plata",
    "Salta",
    "Santa Fe",
    "Corrientes",
    "Bahía Blanca",
    "Resistencia",
    "Posadas",
    "San Salvador de Jujuy",
    "Santiago del Estero",
    "Río Cuarto",
    "Neuquén",
    "Formosa",
    "San Luis",
    "Catamarca",
    "La Rioja",
    "Comodoro Rivadavia",
    "San Juan",
    "Concordia",
    "Rafaela",
    "Paraná",
    "Río Gallegos"
  ],
  "Armenia": [
    "Yerevan",
    "Gyumri",
    "Vanadzor",
    "Vagharshapat (Etchmiadzin)",
    "Hrazdan",
    "Abovyan",
    "Kapan",
    "Ararat",
    "Dilijan"
  ],
  "Aruba": [
    "Oranjestad",
    "San Nicolas",
    "Noord",
    "Paradera",
    "Tanki Lender"
  ],
  "Australia": [
    "Sydney",
    "Melbourne",
    "Brisbane",
    "Perth",
    "Adelaide",
    "Gold Coast",
    "Canberra",
    "Newcastle",
    "Wollongong",
    "Geelong",
    "Hobart",
    "Townsville",
    "Cairns",
    "Darwin",
    "Toowoomba",
    "Ballarat",
    "Bendigo",
    "Albury-Wodonga",
    "Mackay",
    "Launceston",
    "Rockhampton",
    "Bunbury",
    "Kalgoorlie",
    "Port Hedland",
    "Alice Springs"
  ],
  "Austria": [
    "Vienna",
    "Graz",
    "Linz",
    "Salzburg",
    "Innsbruck",
    "Klagenfurt",
    "Villach",
    "Wels",
    "St. Pölten",
    "Dornbirn",
    "Wiener Neustadt",
    "Steyr",
    "Feldkirch",
    "Bregenz",
    "Leoben"
  ],
  "Azerbaijan": [
    "Baku",
    "Ganja",
    "Sumqayit",
    "Mingachevir",
    "Khankendi",
    "Shirvan",
    "Nakhchivan",
    "Goychay"
  ],
  "Bahamas": [
    "Nassau",
    "Freeport",
    "West End",
    "Coopers Town",
    "Marsh Harbour",
    "Freetown",
    "Andros Town"
  ],
  "Bahrain": [
    "Manama",
    "Muharraq",
    "Riffa",
    "A'ali",
    "Hamad Town",
    "Isa Town",
    "Jidhafs",
    "Sitrah"
  ],
  "Bangladesh": [
    "Dhaka",
    "Chittagong",
    "Khulna",
    "Rajshahi",
    "Sylhet",
    "Mymensingh",
    "Rangpur",
    "Barisal",
    "Comilla",
    "Narayanganj"
  ],
  "Barbados": [
    "Bridgetown",
    "Speightstown",
    "Oistins",
    "Holetown",
    "Crane",
    "Bathsheba"
  ],
  "Belarus": [
    "Minsk",
    "Gomel",
    "Mogilev",
    "Vitebsk",
    "Grodno",
    "Brest",
    "Baranovichi",
    "Pinsk",
    "Orsha",
    "Mozyr"
  ],
  "Belgium": [
    "Brussels",
    "Antwerp",
    "Ghent",
    "Charleroi",
    "Liège",
    "Bruges",
    "Namur",
    "Leuven",
    "Mons",
    "Mechelen",
    "Aalst",
    "Kortrijk",
    "Hasselt"
  ],
  "Belize": [
    "Belize City",
    "Belmopan",
    "San Ignacio",
    "Orange Walk Town",
    "Corozal Town",
    "Dangriga",
    "Punta Gorda"
  ],
  "Bolivia": [
    "Santa Cruz de la Sierra",
    "La Paz",
    "El Alto",
    "Cochabamba",
    "Sucre",
    "Oruro",
    "Tarija",
    "Potosí",
    "Montero",
    "Trinidad"
  ],
  "Bosnia and Herzegovina": [
    "Sarajevo",
    "Banja Luka",
    "Tuzla",
    "Zenica",
    "Mostar",
    "Bihać",
    "Bijeljina",
    "Prijedor",
    "Brčko",
    "Trebinje"
  ],
  "Botswana": [
    "Gaborone",
    "Francistown",
    "Molepolole",
    "Maun",
    "Selebi-Phikwe",
    "Serowe",
    "Kanye"
  ],
  "Brazil": [
    "São Paulo",
    "Rio de Janeiro",
    "Brasília",
    "Salvador",
    "Fortaleza",
    "Belo Horizonte",
    "Manaus",
    "Curitiba",
    "Recife",
    "Goiânia",
    "Belém",
    "Porto Alegre",
    "Guarulhos",
    "Campinas",
    "São Luís",
    "São Gonçalo",
    "Maceió",
    "Duque de Caxias",
    "Teresina",
    "Natal",
    "Campo Grande",
    "João Pessoa",
    "Cuiabá",
    "Aracaju",
    "Porto Velho",
    "Florianópolis",
    "Macapá",
    "Rio Branco",
    "Vitória",
    "Palmas"
  ],
  "Brunei": [
    "Bandar Seri Begawan",
    "Kuala Belait",
    "Seria",
    "Tutong",
    "Bangar"
  ],
  "Bulgaria": [
    "Sofia",
    "Plovdiv",
    "Varna",
    "Burgas",
    "Ruse",
    "Stara Zagora",
    "Pleven",
    "Sliven",
    "Pernik",
    "Dobrich",
    "Shumen",
    "Haskovo",
    "Yambol",
    "Pazardzhik",
    "Blagoevgrad"
  ],
  "Cambodia": [
    "Phnom Penh",
    "Siem Reap",
    "Battambang",
    "Sihanoukville",
    "Kampong Cham",
    "Poipet"
  ],
  "Cameroon": [
    "Douala",
    "Yaoundé",
    "Garoua",
    "Bamenda",
    "Maroua",
    "Bafoussam",
    "Ngaoundéré",
    "Kumba",
    "Buéa"
  ],
  "Canada": [
    "Toronto",
    "Montreal",
    "Vancouver",
    "Calgary",
    "Edmonton",
    "Ottawa",
    "Quebec City",
    "Hamilton",
    "Winnipeg",
    "London",
    "Halifax",
    "Saskatoon",
    "Regina",
    "Victoria",
    "St. John's"
  ],
  "Cayman Islands": [
    "George Town",
    "West Bay",
    "Bodden Town",
    "North Side",
    "East End"
  ],
  "Chile": [
    "Santiago",
    "Puente Alto",
    "Antofagasta",
    "Viña del Mar",
    "Valparaíso",
    "Talcahuano",
    "San Bernardo",
    "Temuco",
    "Iquique",
    "Concepción",
    "Rancagua",
    "La Serena",
    "Puerto Montt",
    "Coquimbo",
    "Arica"
  ],
  "China": [
    "Shanghai",
    "Beijing",
    "Guangzhou",
    "Shenzhen",
    "Chengdu",
    "Chongqing",
    "Tianjin",
    "Wuhan",
    "Dongguan",
    "Hangzhou",
    "Nanjing",
    "Xi'an",
    "Zhengzhou",
    "Qingdao",
    "Shenyang",
    "Suzhou",
    "Jinan",
    "Harbin",
    "Changsha",
    "Hefei",
    "Kunming",
    "Lanzhou",
    "Macao",
    "Hong Kong"
  ],
  "Colombia": [
    "Bogotá",
    "Medellín",
    "Cali",
    "Barranquilla",
    "Cartagena",
    "Cúcuta",
    "Soledad",
    "Ibagué",
    "Bucaramanga",
    "Soacha",
    "Villavicencio",
    "Pereira",
    "Santa Marta",
    "Manizales",
    "Neiva"
  ],
  "Congo": [
    "Kinshasa",
    "Lubumbashi",
    "Mbuji-Mayi",
    "Kananga",
    "Kisangani",
    "Brazzaville",
    "Pointe-Noire"
  ],
  "Costa Rica": [
    "San José",
    "Limón",
    "Alajuela",
    "Heredia",
    "Cartago",
    "Liberia",
    "Puntarenas",
    "Quesada",
    "Curridabat"
  ],
  "Croatia": [
    "Zagreb",
    "Split",
    "Rijeka",
    "Osijek",
    "Zadar",
    "Velika Gorica",
    "Slavonski Brod",
    "Pula",
    "Karlovac",
    "Varaždin"
  ],
  "Cuba": [
    "Havana",
    "Santiago de Cuba",
    "Camagüey",
    "Holguín",
    "Guantánamo",
    "Santa Clara",
    "Las Tunas",
    "Bayamo",
    "Cienfuegos",
    "Pinar del Río"
  ],
  "Cyprus": [
    "Nicosia",
    "Limassol",
    "Larnaca",
    "Famagusta",
    "Paphos",
    "Kyrenia",
    "Strovolos"
  ],
  "Czech Republic": [
    "Prague",
    "Brno",
    "Ostrava",
    "Plzeň",
    "Liberec",
    "Olomouc",
    "Ústí nad Labem",
    "Hradec Králové",
    "České Budějovice",
    "Pardubice"
  ],
  "Denmark": [
    "Copenhagen",
    "Aarhus",
    "Odense",
    "Aalborg",
    "Frederiksberg",
    "Esbjerg",
    "Randers",
    "Kolding",
    "Vejle",
    "Horsens"
  ],
  "Dominican Republic": [
    "Santo Domingo",
    "Santiago de los Caballeros",
    "San Pedro de Macorís",
    "La Romana",
    "Puerto Plata",
    "San Francisco de Macorís",
    "Higüey"
  ],
  "Ecuador": [
    "Guayaquil",
    "Quito",
    "Cuenca",
    "Santo Domingo de los Colorados",
    "Machala",
    "Manta",
    "Portoviejo",
    "Durán",
    "Ambato",
    "Ibarra",
    "Riobamba",
    "Loja"
  ],
  "Egypt": [
    "Cairo",
    "Alexandria",
    "Giza",
    "Shubra El Kheima",
    "Port Said",
    "Suez",
    "Luxor",
    "Mansoura",
    "Tanta",
    "Asyut",
    "Ismailia",
    "Fayoum",
    "Zagazig"
  ],
  "El Salvador": [
    "San Salvador",
    "Soyapango",
    "Santa Ana",
    "San Miguel",
    "Mejicanos",
    "Apopa",
    "Delgado",
    "Santa Tecla"
  ],
  "Estonia": [
    "Tallinn",
    "Tartu",
    "Narva",
    "Kohtla-Järve",
    "Pärnu",
    "Viljandi",
    "Rakvere",
    "Maardu",
    "Kuressaare"
  ],
  "Faroe Islands": [
    "Tórshavn",
    "Klaksvík",
    "Argir",
    "Fuglafjørður"
  ],
  "Finland": [
    "Helsinki",
    "Espoo",
    "Tampere",
    "Vantaa",
    "Oulu",
    "Turku",
    "Jyväskylä",
    "Lahti",
    "Kuopio",
    "Kouvola"
  ],
  "France": [
    "Paris",
    "Marseille",
    "Lyon",
    "Toulouse",
    "Nice",
    "Nantes",
    "Montpellier",
    "Strasbourg",
    "Bordeaux",
    "Lille",
    "Rennes",
    "Reims",
    "Saint-Étienne",
    "Toulon",
    "Le Havre"
  ],
  "French Polynesia": [
    "Papeete",
    "Faaa",
    "Punaauia",
    "Mahina",
    "Pirae",
    "Moorea-Maiao"
  ],
  "Gabon": [
    "Libreville",
    "Port-Gentil",
    "Franceville",
    "Oyem",
    "Moanda",
    "Mouila"
  ],
  "Georgia": [
    "Tbilisi",
    "Kutaisi",
    "Batumi",
    "Rustavi",
    "Sukhumi",
    "Gori",
    "Poti",
    "Zugdidi"
  ],
  "Germany": [
    "Berlin",
    "Hamburg",
    "Munich",
    "Cologne",
    "Frankfurt am Main",
    "Stuttgart",
    "Düsseldorf",
    "Leipzig",
    "Dortmund",
    "Essen",
    "Bremen",
    "Dresden",
    "Hannover",
    "Nuremberg",
    "Duisburg",
    "Bochum",
    "Wuppertal",
    "Bielefeld",
    "Bonn",
    "Münster"
  ],
  "Ghana": [
    "Accra",
    "Kumasi",
    "Tamale",
    "Sekondi-Takoradi",
    "Ashaiman",
    "Tema",
    "Cape Coast",
    "Obuasi",
    "Koforidua"
  ],
  "Greece": [
    "Athens",
    "Thessaloniki",
    "Patras",
    "Heraklion",
    "Larissa",
    "Volos",
    "Rhodes",
    "Ioannina",
    "Chania",
    "Kalamata"
  ],
  "Greenland": [
    "Nuuk",
    "Sisimiut",
    "Ilulissat",
    "Aasiaat",
    "Qaqortoq"
  ],
  "Guadeloupe": [
    "Pointe-à-Pitre",
    "Les Abymes",
    "Le Gosier",
    "Sainte-Anne",
    "Le Moule",
    "Basse-Terre",
    "Lamentin"
  ],
  "Guam": [
    "Dededo",
    "Yigo",
    "Tamuning",
    "Tamuning-Tumon-Harmon Village",
    "Barrigada",
    "Mongmong-Toto-Maite",
    "Mangilao",
    "Chalan-Pago-Ordot",
    "Agat"
  ],
  "Guatemala": [
    "Guatemala City",
    "Mixco",
    "Villa Nueva",
    "Quetzaltenango",
    "San Pedro Carchá",
    "Escuintla",
    "Jutiapa",
    "Cobán",
    "Chimaltenango"
  ],
  "Guinea": [
    "Conakry",
    "Nzérékoré",
    "Kindia",
    "Boké",
    "Kankan",
    "Kissidougou"
  ],
  "Haiti": [
    "Port-au-Prince",
    "Carrefour",
    "Delmas",
    "Pétion-Ville",
    "Gonaïves",
    "Cap-Haïtien"
  ],
  "Hashemite Kingdom of Jordan": [
    "Amman",
    "Zarqa",
    "Irbid",
    "Russeifa",
    "Ajloun",
    "Aqaba",
    "Salt",
    "Madaba",
    "Karak"
  ],
  "Honduras": [
    "Tegucigalpa",
    "San Pedro Sula",
    "Choloma",
    "La Ceiba",
    "El Progreso",
    "Choluteca",
    "Comayagua",
    "Puerto Cortés"
  ],
  "Hong Kong": [
    "Hong Kong",
    "Kowloon",
    "Victoria",
    "Tsuen Wan",
    "Sha Tin",
    "Yuen Long",
    "Tuen Mun",
    "Sai Kung"
  ],
  "Hungary": [
    "Budapest",
    "Debrecen",
    "Szeged",
    "Miskolc",
    "Pécs",
    "Győr",
    "Nyíregyháza",
    "Kecskemét",
    "Székesfehérvár",
    "Szombathely"
  ],
  "Iceland": [
    "Reykjavik",
    "Kópavogur",
    "Hafnarfjörður",
    "Akureyri",
    "Garðabær",
    "Mosfellsbær",
    "Selfoss"
  ],
  "India": [
    "Mumbai",
    "Delhi",
    "Bangalore",
    "Hyderabad",
    "Ahmedabad",
    "Chennai",
    "Kolkata",
    "Surat",
    "Pune",
    "Jaipur",
    "Lucknow",
    "Kanpur",
    "Nagpur",
    "Visakhapatnam",
    "Bhopal",
    "Patna",
    "Ludhiana",
    "Agra",
    "Nashik",
    "Varanasi",
    "Coimbatore",
    "Madurai",
    "Srinagar",
    "Raipur",
    "Jamshedpur"
  ],
  "Indonesia": [
    "Jakarta",
    "Surabaya",
    "Bandung",
    "Medan",
    "Semarang",
    "Palembang",
    "Makassar",
    "Depok",
    "Tangerang",
    "Bekasi",
    "Yogyakarta",
    "Banda Aceh",
    "Denpasar",
    "Jayapura"
  ],
  "Iran": [
    "Tehran",
    "Mashhad",
    "Isfahan",
    "Karaj",
    "Shiraz",
    "Tabriz",
    "Qom",
    "Ahvaz",
    "Kermanshah",
    "Urmia"
  ],
  "Iraq": [
    "Baghdad",
    "Mosul",
    "Basra",
    "Erbil",
    "Kirkuk",
    "Najaf",
    "Karbala",
    "Sulaymaniyah"
  ],
  "Ireland": [
    "Dublin",
    "Cork",
    "Limerick",
    "Galway",
    "Waterford",
    "Drogheda",
    "Swords",
    "Dundalk",
    "Navan",
    "Ennis"
  ],
  "Isle of Man": [
    "Douglas",
    "Ramsey",
    "Peel",
    "Castletown",
    "Port Erin",
    "Port St Mary"
  ],
  "Israel": [
    "Jerusalem",
    "Tel Aviv",
    "Haifa",
    "Rishon LeZion",
    "Petah Tikva",
    "Ashdod",
    "Netanya",
    "Be'er Sheva",
    "Bnei Brak",
    "Holon"
  ],
  "Italy": [
    "Rome",
    "Milan",
    "Naples",
    "Turin",
    "Palermo",
    "Genoa",
    "Bologna",
    "Florence",
    "Bari",
    "Catania",
    "Venice",
    "Verona",
    "Messina",
    "Padua",
    "Trieste"
  ],
  "Jamaica": [
    "Kingston",
    "Portmore",
    "Spanish Town",
    "Montego Bay",
    "Mandeville",
    "May Pen",
    "Ocho Rios",
    "Port Antonio"
  ],
  "Japan": [
    "Tokyo",
    "Yokohama",
    "Osaka",
    "Nagoya",
    "Sapporo",
    "Fukuoka",
    "Kobe",
    "Kyoto",
    "Kawasaki",
    "Saitama",
    "Hiroshima",
    "Sendai",
    "Chiba",
    "Kitakyushu",
    "Kumamoto"
  ],
  "Kazakhstan": [
    "Astana",
    "Almaty",
    "Shymkent",
    "Karaganda",
    "Aktobe",
    "Taraz",
    "Pavlodar",
    "Oskemen",
    "Semey",
    "Aktau"
  ],
  "Kenya": [
    "Nairobi",
    "Mombasa",
    "Nakuru",
    "Ruiru",
    "Eldoret",
    "Kisumu",
    "Thika",
    "Kitale"
  ],
  "Kosovo": [
    "Pristina",
    "Prizren",
    "Ferizaj",
    "Peja",
    "Gjakova",
    "Mitrovica"
  ],
  "Kuwait": [
    "Kuwait City",
    "Hawalli",
    "Salmiya",
    "Jaleeb Al-Shuyoukh",
    "Al Ahmadi",
    "Farwaniya"
  ],
  "Latvia": [
    "Riga",
    "Daugavpils",
    "Liepāja",
    "Jelgava",
    "Jūrmala",
    "Ventspils",
    "Rēzekne",
    "Valmiera"
  ],
  "Lebanon": [
    "Beirut",
    "Tripoli",
    "Sidon",
    "Tyre",
    "Baalbek",
    "Jounieh",
    "Byblos"
  ],
  "Libya": [
    "Tripoli",
    "Benghazi",
    "Misrata",
    "Tarhuna",
    "Khoms",
    "Zuwara"
  ],
  "Liechtenstein": [
    "Vaduz",
    "Schaan",
    "Triesen",
    "Balzers",
    "Eschen",
    "Mauren"
  ],
  "Luxembourg": [
    "Luxembourg City",
    "Esch-sur-Alzette",
    "Differdange",
    "Dudelange",
    "Pétange",
    "Sanem",
    "Hesperange"
  ],
  "Macedonia": [
    "Skopje",
    "Bitola",
    "Kumanovo",
    "Prilep",
    "Tetovo",
    "Veles",
    "Ohrid",
    "Shtip"
  ],
  "Madagascar": [
    "Antananarivo",
    "Toamasina",
    "Antsirabe",
    "Fianarantsoa",
    "Mahajanga",
    "Toliara"
  ],
  "Malaysia": [
    "Kuala Lumpur",
    "George Town",
    "Ipoh",
    "Johor Bahru",
    "Petaling Jaya",
    "Kuantan",
    "Kota Kinabalu",
    "Kuala Terengganu",
    "Shah Alam",
    "Malacca City",
    "Alor Setar",
    "Seremban",
    "Kuching",
    "Miri",
    "Subang Jaya"
  ],
  "Malta": [
    "Valletta",
    "Birkirkara",
    "Mosta",
    "Qormi",
    "Żabbar",
    "Sliema",
    "San Pawl il-Baħar"
  ],
  "Martinique": [
    "Fort-de-France",
    "Le Lamentin",
    "Schœlcher",
    "Ducos",
    "Le Robert",
    "Sainte-Marie"
  ],
  "Mauritius": [
    "Port Louis",
    "Beau Bassin-Rose Hill",
    "Vacoas-Phoenix",
    "Curepipe",
    "Quatre Bornes",
    "Centre de Flacq"
  ],
  "Mayotte": [
    "Mamoudzou",
    "Dzaoudzi",
    "Koungou",
    "Bandraboua",
    "Sada"
  ],
  "Mexico": [
    "Mexico City",
    "Guadalajara",
    "Monterrey",
    "Puebla",
    "Tijuana",
    "Juárez",
    "León",
    "Zapopan",
    "Mérida",
    "San Luis Potosí",
    "Querétaro",
    "Aguascalientes",
    "Cancún",
    "Hermosillo",
    "Chihuahua",
    "Mexicali",
    "Saltillo",
    "Culiacán"
  ],
  "Mongolia": [
    "Ulaanbaatar",
    "Erdenet",
    "Darkhan",
    "Choibalsan",
    "Mörön",
    "Ölgii",
    "Khövd"
  ],
  "Montenegro": [
    "Podgorica",
    "Nikšić",
    "Pljevlja",
    "Bijelo Polje",
    "Cetinje",
    "Budva",
    "Herceg Novi",
    "Kotor",
    "Bar"
  ],
  "Morocco": [
    "Casablanca",
    "Fez",
    "Marrakesh",
    "Rabat",
    "Meknes",
    "Tangier",
    "Agadir",
    "Oujda",
    "Kenitra",
    "Tetouan"
  ],
  "Mozambique": [
    "Maputo",
    "Matola",
    "Nampula",
    "Beira",
    "Chimoio",
    "Quelimane",
    "Tete"
  ],
  "Myanmar [Burma]": [
    "Yangon",
    "Mandalay",
    "Naypyidaw",
    "Mawlamyine",
    "Bago",
    "Pathein",
    "Sittwe"
  ],
  "Namibia": [
    "Windhoek",
    "Rundu",
    "Walvis Bay",
    "Swakopmund",
    "Oshakati",
    "Katima Mulilo",
    "Grootfontein"
  ],
  "Nepal": [
    "Kathmandu",
    "Pokhara",
    "Lalitpur",
    "Biratnagar",
    "Bharatpur",
    "Janakpur",
    "Birgunj",
    "Dharan"
  ],
  "Netherlands": [
    "Amsterdam",
    "Rotterdam",
    "The Hague",
    "Utrecht",
    "Eindhoven",
    "Groningen",
    "Tilburg",
    "Almere",
    "Breda",
    "Nijmegen"
  ],
  "New Caledonia": [
    "Nouméa",
    "Mont-Dore",
    "Dumbéa",
    "Païta"
  ],
  "New Zealand": [
    "Auckland",
    "Wellington",
    "Christchurch",
    "Hamilton",
    "Tauranga",
    "Dunedin",
    "Napier-Hastings",
    "Palmerston North",
    "Nelson",
    "Rotorua"
  ],
  "Nicaragua": [
    "Managua",
    "León",
    "Masaya",
    "Tipitapa",
    "Chinandega",
    "Matagalpa",
    "Estelí",
    "Puerto Cabezas",
    "Juigalpa"
  ],
  "Nigeria": [
    "Lagos",
    "Kano",
    "Ibadan",
    "Abuja",
    "Port Harcourt",
    "Benin City",
    "Kaduna",
    "Aba",
    "Maiduguri",
    "Jos"
  ],
  "Norway": [
    "Oslo",
    "Bergen",
    "Trondheim",
    "Stavanger",
    "Bærum",
    "Fredrikstad",
    "Drammen",
    "Porsgrunn",
    "Kristiansand",
    "Tromsø"
  ],
  "Oman": [
    "Muscat",
    "Seeb",
    "Salalah",
    "Bawshar",
    "Sohar",
    "Suwayq",
    "Ibri"
  ],
  "Pakistan": [
    "Karachi",
    "Lahore",
    "Faisalabad",
    "Rawalpindi",
    "Gujranwala",
    "Peshawar",
    "Multan",
    "Islamabad",
    "Quetta",
    "Sialkot"
  ],
  "Palestine": [
    "Gaza City",
    "Hebron",
    "Nablus",
    "Khan Yunis",
    "Jabalya",
    "Bethlehem",
    "Ramallah"
  ],
  "Panama": [
    "Panama City",
    "San Miguelito",
    "Tocumen",
    "David",
    "La Chorrera",
    "Santiago de Veraguas",
    "Colón"
  ],
  "Papua New Guinea": [
    "Port Moresby",
    "Lae",
    "Arawa",
    "Mount Hagen",
    "Madang",
    "Wewak",
    "Goroka"
  ],
  "Paraguay": [
    "Asunción",
    "Ciudad del Este",
    "San Lorenzo",
    "Capiatá",
    "Lambaré",
    "Fernando de la Mora",
    "Encarnación"
  ],
  "Peru": [
    "Lima",
    "Arequipa",
    "Callao",
    "Trujillo",
    "Chiclayo",
    "Piura",
    "Cusco",
    "Huancayo",
    "Iquitos",
    "Tacna"
  ],
  "Philippines": [
    "Quezon City",
    "Manila",
    "Caloocan",
    "Davao City",
    "Cebu City",
    "Zamboanga City",
    "Taguig",
    "Pasig",
    "Antipolo",
    "Valenzuela",
    "Bacolod",
    "Cagayan de Oro",
    "Iloilo City",
    "Makati",
    "Baguio"
  ],
  "Poland": [
    "Warsaw",
    "Kraków",
    "Łódź",
    "Wrocław",
    "Poznań",
    "Gdańsk",
    "Szczecin",
    "Bydgoszcz",
    "Lublin",
    "Katowice"
  ],
  "Portugal": [
    "Lisbon",
    "Porto",
    "Vila Nova de Gaia",
    "Amadora",
    "Braga",
    "Funchal",
    "Coimbra",
    "Setúbal",
    "Agualva-Cacém",
    "Queluz"
  ],
  "Puerto Rico": [
    "San Juan",
    "Bayamón",
    "Carolina",
    "Ponce",
    "Caguas",
    "Guaynabo",
    "Mayagüez",
    "Trujillo Alto",
    "Arecibo"
  ],
  "Republic of Korea": [
    "Seoul",
    "Busan",
    "Incheon",
    "Daegu",
    "Daejeon",
    "Gwangju",
    "Suwon",
    "Ulsan",
    "Goyang",
    "Yongin"
  ],
  "Republic of Lithuania": [
    "Vilnius",
    "Kaunas",
    "Klaipėda",
    "Šiauliai",
    "Panevėžys",
    "Alytus",
    "Marijampolė",
    "Mažeikiai"
  ],
  "Republic of Moldova": [
    "Chișinău",
    "Tiraspol",
    "Bălți",
    "Tighina (Bender)",
    "Rîbnița",
    "Cahul",
    "Ungheni"
  ],
  "Romania": [
    "Bucharest",
    "Cluj-Napoca",
    "Timișoara",
    "Iași",
    "Constanța",
    "Craiova",
    "Brașov",
    "Galați",
    "Ploiești",
    "Oradea"
  ],
  "Russia": [
    "Moscow",
    "Saint Petersburg",
    "Novosibirsk",
    "Yekaterinburg",
    "Kazan",
    "Nizhny Novgorod",
    "Chelyabinsk",
    "Samara",
    "Omsk",
    "Rostov-on-Don",
    "Ufa",
    "Krasnoyarsk",
    "Voronezh",
    "Perm",
    "Volgograd"
  ],
  "Saint Lucia": [
    "Castries",
    "Bisee",
    "Babonneau",
    "Gros Islet",
    "Vieux Fort"
  ],
  "San Marino": [
    "Serravalle",
    "Borgo Maggiore",
    "San Marino",
    "Domagnano",
    "Acquaviva"
  ],
  "Saudi Arabia": [
    "Riyadh",
    "Jeddah",
    "Mecca",
    "Medina",
    "Dammam",
    "Hufuf",
    "Ta'if",
    "Tabuk",
    "Buraydah",
    "Khobar"
  ],
  "Senegal": [
    "Dakar",
    "Pikine",
    "Touba",
    "Thiès",
    "Kaolack",
    "M'bour",
    "Saint-Louis",
    "Ziguinchor"
  ],
  "Serbia": [
    "Belgrade",
    "Novi Sad",
    "Niš",
    "Pristina",
    "Kragujevac",
    "Subotica",
    "Zrenjanin",
    "Pančevo",
    "Čačak",
    "Leskovac"
  ],
  "Singapore": [
    "Singapore"
  ],
  "Slovakia": [
    "Bratislava",
    "Košice",
    "Prešov",
    "Žilina",
    "Nitra",
    "Banská Bystrica",
    "Trnava",
    "Martin",
    "Poprad"
  ],
  "Slovenia": [
    "Ljubljana",
    "Maribor",
    "Celje",
    "Kranj",
    "Koper",
    "Novo Mesto",
    "Velenje"
  ],
  "South Africa": [
    "Johannesburg",
    "Cape Town",
    "Durban",
    "Pretoria",
    "Port Elizabeth",
    "Bloemfontein",
    "Pietermaritzburg",
    "East London",
    "Soweto",
    "Benoni"
  ],
  "Spain": [
    "Madrid",
    "Barcelona",
    "Valencia",
    "Seville",
    "Zaragoza",
    "Málaga",
    "Murcia",
    "Palma",
    "Las Palmas de Gran Canaria",
    "Bilbao",
    "Alicante",
    "Córdoba",
    "Valladolid",
    "Vigo",
    "Gijón"
  ],
  "Sri Lanka": [
    "Colombo",
    "Dehiwala-Mount Lavinia",
    "Moratuwa",
    "Negombo",
    "Kandy",
    "Kalmunai",
    "Galle",
    "Jaffna",
    "Kotte"
  ],
  "Sudan": [
    "Khartoum",
    "Omdurman",
    "Khartoum North",
    "Port Sudan",
    "Kassala",
    "El Obeid",
    "Wad Madani"
  ],
  "Suriname": [
    "Paramaribo",
    "Lelydorp",
    "Nieuw Nickerie",
    "Moengo",
    "Albina"
  ],
  "Swaziland": [
    "Mbabane",
    "Manzini",
    "Lobamba",
    "Big Bend"
  ],
  "Sweden": [
    "Stockholm",
    "Gothenburg",
    "Malmö",
    "Uppsala",
    "Västerås",
    "Örebro",
    "Linköping",
    "Helsingborg",
    "Jönköping",
    "Norrköping"
  ],
  "Switzerland": [
    "Zurich",
    "Geneva",
    "Basel",
    "Lausanne",
    "Bern",
    "Winterthur",
    "Lucerne",
    "St. Gallen",
    "Lugano",
    "Biel/Bienne"
  ],
  "Taiwan": [
    "New Taipei City",
    "Kaohsiung",
    "Taichung",
    "Taipei",
    "Taoyuan",
    "Tainan",
    "Hsinchu",
    "Keelung",
    "Chiayi",
    "Changhua"
  ],
  "Tanzania": [
    "Dar es Salaam",
    "Dodoma",
    "Mwanza",
    "Arusha",
    "Mbeya",
    "Morogoro",
    "Tanga",
    "Zanzibar City"
  ],
  "Thailand": [
    "Bangkok",
    "Nonthaburi",
    "Nakhon Ratchasima",
    "Chiang Mai",
    "Hat Yai",
    "Udon Thani",
    "Pattaya",
    "Chon Buri",
    "Phuket",
    "Nakhon Si Thammarat"
  ],
  "Trinidad and Tobago": [
    "Port of Spain",
    "San Fernando",
    "Chaguanas",
    "Arima",
    "Point Fortin",
    "Scarborough"
  ],
  "Tunisia": [
    "Tunis",
    "Sfax",
    "Sousse",
    "Ettadhamen-Mnihla",
    "Kairouan",
    "Bizerte"
  ],
  "Turkey": [
    "Istanbul",
    "Ankara",
    "Izmir",
    "Bursa",
    "Adana",
    "Gaziantep",
    "Konya",
    "Antalya",
    "Diyarbakır",
    "Mersin",
    "Kayseri"
  ],
  "U.S. Virgin Islands": [
    "Charlotte Amalie",
    "Christiansted",
    "Frederiksted"
  ],
  "Ukraine": [
    "Kyiv",
    "Kharkiv",
    "Odesa",
    "Dnipro",
    "Donetsk",
    "Zaporizhzhia",
    "Lviv",
    "Kryvyi Rih",
    "Mykolaiv",
    "Mariupol"
  ],
  "United Arab Emirates": [
    "Dubai",
    "Abu Dhabi",
    "Sharjah",
    "Al Ain",
    "Ajman",
    "Ras Al Khaimah",
    "Fujairah"
  ],
  "United Kingdom": [
    "London",
    "Birmingham",
    "Glasgow",
    "Liverpool",
    "Bristol",
    "Manchester",
    "Sheffield",
    "Leeds",
    "Edinburgh",
    "Leicester",
    "Coventry",
    "Bradford",
    "Cardiff",
    "Belfast",
    "Nottingham"
  ],
  "United States": [
    "New York City",
    "Los Angeles",
    "Chicago",
    "Houston",
    "Phoenix",
    "Philadelphia",
    "San Antonio",
    "San Diego",
    "Dallas",
    "San Jose",
    "Austin",
    "Jacksonville",
    "Fort Worth",
    "Columbus",
    "Charlotte",
    "Indianapolis",
    "San Francisco",
    "Seattle",
    "Denver",
    "Washington, D.C."
  ],
  "Uruguay": [
    "Montevideo",
    "Salto",
    "Paysandú",
    "Ciudad de la Costa",
    "Maldonado",
    "Rivera",
    "Las Piedras"
  ],
  "Venezuela": [
    "Caracas",
    "Maracaibo",
    "Valencia",
    "Barquisimeto",
    "Maracay",
    "Ciudad Guayana",
    "Barcelona",
    "Maturín"
  ],
  "Vietnam": [
    "Ho Chi Minh City",
    "Hanoi",
    "Da Nang",
    "Haiphong",
    "Cần Thơ",
    "Biên Hòa",
    "Huế",
    "Nha Trang",
    "Vinh"
  ],
  "Zambia": [
    "Lusaka",
    "Kitwe",
    "Ndola",
    "Kabwe",
    "Chingola",
    "Mufulira",
    "Livingstone"
  ],
  "Zimbabwe": [
    "Harare",
    "Bulawayo",
    "Chitungwiza",
    "Mutare",
    "Epworth",
    "Gweru",
    "Kwekwe"
  ]
}